names,calories,protein,fat,carbs,fiber
sandwich,212.35521235521236,9.652509652509652,10.424710424710424,20.077220077220076,1.1583011583011582
carrot,41.0,0.93,0.24,9.58,2.8
