,sandwich,carrot
calories,212.3552123552124,41.0
protein,9.652509652509652,0.93
fat,10.424710424710424,0.24
carbs,20.07722007722008,9.58
fiber,1.1583011583011582,2.8
