names,calories,protein,fat,carbs,fiber
Honeycomb,309.00842485073713,0.5233050907122636,2.3933589838741396,74.9405868809707,0.3300841887891185
