,Cucumber,Honeycomb,Lemon,Pasta
calories,15.0,309.0084248507372,29.0,158.0
protein,0.65,0.5233050907122636,1.1,5.8
fat,0.11,2.39335898387414,0.3,0.93
carbs,3.63,74.9405868809707,9.32,30.86
fiber,0.5,0.3300841887891185,2.8,1.8
