names,calories,protein,fat,carbs,fiber
Cucumber,15.0,0.65,0.11,3.63,0.5
Honeycomb,309.00842485073713,0.5233050907122636,2.3933589838741396,74.9405868809707,0.3300841887891185
Lemon,29.0,1.1,0.3,9.32,2.8
Pasta,158.0,5.8,0.93,30.86,1.8
