names,calories,protein,fat,carbs,fiber
Hamburger,153.39252215176927,12.443173384785876,6.132552442778505,11.398144276772499,1.1498570372985786
